Points,Time [s],Disp [mm],Load [N]
1,0.00000,-1.733910,-4.04
2,0.00500,-1.816621,-4.48
3,0.01000,-1.831480,-4.39
4,0.01500,-1.785008,-3.75
5,0.02000,-1.672047,-2.78
6,0.02500,-1.491617,-1.74
7,0.03000,-1.230536,-0.79
8,0.03500,-0.928460,-0.16
9,0.04000,-0.633131,0.23
10,0.04500,-0.374833,0.19
11,0.05000,-0.174514,0.04
12,0.05500,-0.075248,0.03
13,0.06000,-0.081678,0.05
14,0.06500,-0.190026,0.04
15,0.07000,-0.376256,0.04
16,0.07500,-0.613447,-0.10
17,0.08000,-0.877788,-0.65
18,0.08500,-1.140248,-1.39
19,0.09000,-1.386834,-2.29
20,0.09500,-1.588868,-3.24
1,0.10000,-1.734323,-4.05
2,0.10500,-1.816488,-4.48
3,0.11000,-1.831399,-4.37
4,0.11500,-1.785001,-3.76
5,0.12000,-1.672024,-2.77
6,0.12500,-1.490686,-1.72
7,0.13000,-1.230634,-0.80
8,0.13500,-0.929039,-0.16
9,0.14000,-0.633247,0.23
10,0.14500,-0.374436,0.18
11,0.15000,-0.173994,0.04
12,0.15500,-0.075474,0.04
13,0.16000,-0.081887,0.04
14,0.16500,-0.190070,0.04
15,0.17000,-0.376211,0.03
16,0.17500,-0.613464,-0.10
17,0.18000,-0.878083,-0.63
18,0.18500,-1.140448,-1.39
19,0.19000,-1.387157,-2.27
20,0.19500,-1.589120,-3.24
1,0.20000,-1.734081,-4.04
2,0.20500,-1.816441,-4.45
3,0.21000,-1.831377,-4.37
4,0.21500,-1.784910,-3.76
5,0.22000,-1.671996,-2.77
6,0.22500,-1.491054,-1.73
7,0.23000,-1.230532,-0.78
8,0.23500,-0.928652,-0.16
9,0.24000,-0.632965,0.21
10,0.24500,-0.374526,0.18
11,0.25000,-0.173952,0.05
12,0.25500,-0.075349,0.04
13,0.26000,-0.082000,0.03
14,0.26500,-0.189905,0.05
15,0.27000,-0.376124,0.03
16,0.27500,-0.613406,-0.10
17,0.28000,-0.878161,-0.62
18,0.28500,-1.140654,-1.37
19,0.29000,-1.387134,-2.28
20,0.29500,-1.589101,-3.21
1,0.30000,-1.734177,-4.02
2,0.30500,-1.816645,-4.44
3,0.31000,-1.831630,-4.35
4,0.31500,-1.785000,-3.74
5,0.32000,-1.671923,-2.77
6,0.32500,-1.490883,-1.72
7,0.33000,-1.230586,-0.79
8,0.33500,-0.928621,-0.14
9,0.34000,-0.632962,0.23
10,0.34500,-0.374419,0.19
11,0.35000,-0.173740,0.05
12,0.35500,-0.075153,0.04
13,0.36000,-0.082069,0.05
14,0.36500,-0.189985,0.03
15,0.37000,-0.376104,0.04
16,0.37500,-0.613412,-0.08
17,0.38000,-0.878209,-0.62
18,0.38500,-1.140648,-1.37
19,0.39000,-1.387323,-2.27
20,0.39500,-1.589425,-3.21
1,0.40000,-1.734267,-4.01
2,0.40500,-1.816475,-4.44
3,0.41000,-1.831444,-4.35
4,0.41500,-1.784853,-3.74
5,0.42000,-1.671856,-2.75
6,0.42500,-1.490960,-1.72
7,0.43000,-1.230712,-0.79
8,0.43500,-0.928535,-0.14
9,0.44000,-0.632780,0.23
10,0.44500,-0.374169,0.18
11,0.45000,-0.173487,0.03
12,0.45500,-0.075307,0.03
13,0.46000,-0.082083,0.04
14,0.46500,-0.189844,0.05
15,0.47000,-0.376137,0.04
16,0.47500,-0.613485,-0.10
17,0.48000,-0.878584,-0.62
18,0.48500,-1.141015,-1.37
19,0.49000,-1.387531,-2.27
20,0.49500,-1.589275,-3.21
1,0.50000,-1.734123,-4.01
2,0.50500,-1.816566,-4.44
3,0.51000,-1.831531,-4.35
4,0.51500,-1.784802,-3.74
5,0.52000,-1.671978,-2.77
6,0.52500,-1.490616,-1.70
7,0.53000,-1.230577,-0.78
8,0.53500,-0.928484,-0.14
9,0.54000,-0.632690,0.24
10,0.54500,-0.374124,0.18
11,0.55000,-0.173290,0.03
12,0.55500,-0.075350,0.03
13,0.56000,-0.082078,0.04
14,0.56500,-0.190030,0.03
15,0.57000,-0.376086,0.03
16,0.57500,-0.613204,-0.09
17,0.58000,-0.878595,-0.62
18,0.58500,-1.140976,-1.36
19,0.59000,-1.387265,-2.26
20,0.59500,-1.589298,-3.21
1,0.60000,-1.734551,-4.00
2,0.60500,-1.816839,-4.44
3,0.61000,-1.831473,-4.35
4,0.61500,-1.784965,-3.72
5,0.62000,-1.671958,-2.75
6,0.62500,-1.490481,-1.72
7,0.63000,-1.230354,-0.76
8,0.63500,-0.928667,-0.16
9,0.64000,-0.632832,0.23
10,0.64500,-0.374033,0.17
11,0.65000,-0.173038,0.04
12,0.65500,-0.075296,0.03
13,0.66000,-0.081843,0.04
14,0.66500,-0.190048,0.03
15,0.67000,-0.376305,0.04
16,0.67500,-0.613398,-0.09
17,0.68000,-0.878720,-0.62
18,0.68500,-1.141425,-1.37
19,0.69000,-1.387708,-2.26
20,0.69500,-1.589114,-3.20
1,0.70000,-1.734064,-3.99
2,0.70500,-1.816667,-4.43
3,0.71000,-1.831600,-4.34
4,0.71500,-1.784784,-3.74
5,0.72000,-1.671981,-2.75
6,0.72500,-1.491086,-1.70
7,0.73000,-1.230095,-0.78
8,0.73500,-0.928329,-0.14
9,0.74000,-0.632827,0.23
10,0.74500,-0.374052,0.19
11,0.75000,-0.172953,0.04
12,0.75500,-0.075197,0.04
13,0.76000,-0.082111,0.03
14,0.76500,-0.189874,0.03
15,0.77000,-0.376143,0.03
16,0.77500,-0.613416,-0.08
17,0.78000,-0.878884,-0.62
18,0.78500,-1.141213,-1.35
19,0.79000,-1.387541,-2.27
20,0.79500,-1.589635,-3.19
1,0.80000,-1.734334,-4.00
2,0.80500,-1.816621,-4.42
3,0.81000,-1.831691,-4.35
4,0.81500,-1.784962,-3.72
5,0.82000,-1.671899,-2.75
6,0.82500,-1.491105,-1.70
7,0.83000,-1.230272,-0.76
8,0.83500,-0.928133,-0.14
9,0.84000,-0.632486,0.23
10,0.84500,-0.373923,0.19
11,0.85000,-0.172705,0.03
12,0.85500,-0.075186,0.04
13,0.86000,-0.081949,0.04
14,0.86500,-0.190008,0.05
15,0.87000,-0.376321,0.03
16,0.87500,-0.613410,-0.09
17,0.88000,-0.878894,-0.62
18,0.88500,-1.141598,-1.36
19,0.89000,-1.387854,-2.26
20,0.89500,-1.589390,-3.19
1,0.90000,-1.734384,-4.00
2,0.90500,-1.816663,-4.42
3,0.91000,-1.831519,-4.34
4,0.91500,-1.784868,-3.71
5,0.92000,-1.671863,-2.74
6,0.92500,-1.490938,-1.70
7,0.93000,-1.229878,-0.76
8,0.93500,-0.928352,-0.14
9,0.94000,-0.632713,0.23
10,0.94500,-0.373739,0.18
11,0.95000,-0.172440,0.03
12,0.95500,-0.075275,0.04
13,0.96000,-0.082244,0.03
14,0.96500,-0.189975,0.05
15,0.97000,-0.376287,0.03
16,0.97500,-0.613371,-0.08
17,0.98000,-0.879116,-0.61
18,0.98500,-1.141633,-1.34
19,0.99000,-1.387726,-2.25
20,0.99500,-1.589731,-3.19
1,1.00000,-1.734586,-3.98
2,1.00500,-1.816656,-4.42
3,1.01000,-1.831454,-4.34
4,1.01500,-1.784804,-3.71
5,1.02000,-1.671962,-2.75
6,1.02500,-1.490890,-1.69
7,1.03000,-1.229966,-0.78
8,1.03500,-0.928181,-0.14
9,1.04000,-0.632464,0.23
10,1.04500,-0.373729,0.19
11,1.05000,-0.172243,0.03
12,1.05500,-0.075387,0.03
13,1.06000,-0.082066,0.03
14,1.06500,-0.189993,0.05
15,1.07000,-0.376447,0.03
16,1.07500,-0.613192,-0.09
17,1.08000,-0.879171,-0.61
18,1.08500,-1.141685,-1.34
19,1.09000,-1.387688,-2.23
20,1.09500,-1.589971,-3.20
1,1.10000,-1.734527,-3.98
2,1.10500,-1.816663,-4.41
3,1.11000,-1.831652,-4.33
4,1.11500,-1.784858,-3.71
5,1.12000,-1.671898,-2.75
6,1.12500,-1.490554,-1.68
7,1.13000,-1.230117,-0.75
8,1.13500,-0.928254,-0.14
9,1.14000,-0.632352,0.24
10,1.14500,-0.373644,0.18
11,1.15000,-0.172105,0.03
12,1.15500,-0.075116,0.03
13,1.16000,-0.082224,0.04
14,1.16500,-0.190098,0.03
15,1.17000,-0.376361,0.04
16,1.17500,-0.613276,-0.09
17,1.18000,-0.879308,-0.60
18,1.18500,-1.141781,-1.34
19,1.19000,-1.387745,-2.22
20,1.19500,-1.590017,-3.18
1,1.20000,-1.734384,-3.98
2,1.20500,-1.816659,-4.41
3,1.21000,-1.831710,-4.32
4,1.21500,-1.784805,-3.70
5,1.22000,-1.671892,-2.73
6,1.22500,-1.490929,-1.68
7,1.23000,-1.229993,-0.75
8,1.23500,-0.928022,-0.13
9,1.24000,-0.632350,0.23
10,1.24500,-0.373548,0.18
11,1.25000,-0.171853,0.05
12,1.25500,-0.075151,0.03
13,1.26000,-0.082344,0.03
14,1.26500,-0.189870,0.03
15,1.27000,-0.376236,0.03
16,1.27500,-0.613270,-0.08
17,1.28000,-0.879501,-0.60
18,1.28500,-1.142156,-1.35
19,1.29000,-1.387947,-2.22
20,1.29500,-1.589607,-3.17
1,1.30000,-1.734346,-3.98
2,1.30500,-1.816766,-4.39
3,1.31000,-1.831810,-4.31
4,1.31500,-1.784810,-3.70
5,1.32000,-1.671972,-2.74
6,1.32500,-1.490217,-1.68
7,1.33000,-1.229837,-0.75
8,1.33500,-0.928483,-0.13
9,1.34000,-0.632512,0.23
10,1.34500,-0.373412,0.17
11,1.35000,-0.171622,0.05
12,1.35500,-0.075166,0.03
13,1.36000,-0.082216,0.03
14,1.36500,-0.190085,0.03
15,1.37000,-0.376513,0.05
16,1.37500,-0.613263,-0.08
17,1.38000,-0.879538,-0.60
18,1.38500,-1.142146,-1.34
19,1.39000,-1.387955,-2.22
20,1.39500,-1.589789,-3.17
1,1.40000,-1.734427,-3.96
2,1.40500,-1.817034,-4.41
3,1.41000,-1.831714,-4.31
4,1.41500,-1.784726,-3.69
5,1.42000,-1.671952,-2.72
6,1.42500,-1.490359,-1.68
7,1.43000,-1.229837,-0.76
8,1.43500,-0.928157,-0.14
9,1.44000,-0.632216,0.25
10,1.44500,-0.373365,0.16
11,1.45000,-0.171603,0.05
12,1.45500,-0.075232,0.03
13,1.46000,-0.082421,0.04
14,1.46500,-0.189886,0.04
15,1.47000,-0.376395,0.04
16,1.47500,-0.613264,-0.07
17,1.48000,-0.879662,-0.60
18,1.48500,-1.142297,-1.33
19,1.49000,-1.387797,-2.20
20,1.49500,-1.589981,-3.17
1,1.50000,-1.734833,-3.95
2,1.50500,-1.816998,-4.40
3,1.51000,-1.831795,-4.30
4,1.51500,-1.784750,-3.69
5,1.52000,-1.671936,-2.72
6,1.52500,-1.490800,-1.68
7,1.53000,-1.229972,-0.75
8,1.53500,-0.927629,-0.13
9,1.54000,-0.631895,0.23
10,1.54500,-0.373315,0.17
11,1.55000,-0.171460,0.04
12,1.55500,-0.075222,0.04
13,1.56000,-0.082225,0.03
14,1.56500,-0.189869,0.03
15,1.57000,-0.376525,0.03
16,1.57500,-0.613249,-0.08
17,1.58000,-0.879754,-0.60
18,1.58500,-1.142282,-1.33
19,1.59000,-1.387911,-2.22
20,1.59500,-1.590083,-3.15
1,1.60000,-1.734940,-3.96
2,1.60500,-1.817017,-4.39
3,1.61000,-1.831622,-4.29
4,1.61500,-1.784797,-3.69
5,1.62000,-1.671949,-2.71
6,1.62500,-1.490881,-1.69
7,1.63000,-1.229811,-0.74
8,1.63500,-0.927650,-0.13
9,1.64000,-0.631837,0.24
10,1.64500,-0.373192,0.16
11,1.65000,-0.171232,0.04
12,1.65500,-0.075271,0.04
13,1.66000,-0.082320,0.04
14,1.66500,-0.189870,0.03
15,1.67000,-0.376484,0.05
16,1.67500,-0.613243,-0.08
17,1.68000,-0.879865,-0.59
18,1.68500,-1.142610,-1.33
19,1.69000,-1.387884,-2.21
20,1.69500,-1.590185,-3.17
1,1.70000,-1.734732,-3.96
2,1.70500,-1.816975,-4.39
3,1.71000,-1.831774,-4.28
4,1.71500,-1.784699,-3.69
5,1.72000,-1.671912,-2.72
6,1.72500,-1.490697,-1.67
7,1.73000,-1.229548,-0.73
8,1.73500,-0.927724,-0.13
9,1.74000,-0.632033,0.25
10,1.74500,-0.373234,0.15
11,1.75000,-0.171048,0.04
12,1.75500,-0.075194,0.03
13,1.76000,-0.082433,0.05
14,1.76500,-0.190022,0.04
15,1.77000,-0.376490,0.03
16,1.77500,-0.613057,-0.06
17,1.78000,-0.879944,-0.59
18,1.78500,-1.142770,-1.33
19,1.79000,-1.388025,-2.20
20,1.79500,-1.590148,-3.15
1,1.80000,-1.734990,-3.93
2,1.80500,-1.817062,-4.39
3,1.81000,-1.831818,-4.28
4,1.81500,-1.784707,-3.67
5,1.82000,-1.671897,-2.71
6,1.82500,-1.490775,-1.68
7,1.83000,-1.229729,-0.73
8,1.83500,-0.927488,-0.13
9,1.84000,-0.631690,0.25
10,1.84500,-0.373285,0.16
11,1.85000,-0.171128,0.04
12,1.85500,-0.074898,0.04
13,1.86000,-0.081958,0.04
14,1.86500,-0.190039,0.03
15,1.87000,-0.376544,0.03
16,1.87500,-0.613317,-0.07
17,1.88000,-0.879969,-0.59
18,1.88500,-1.142793,-1.33
19,1.89000,-1.388167,-2.20
20,1.89500,-1.590216,-3.16
1,1.90000,-1.735100,-3.93
2,1.90500,-1.817076,-4.38
3,1.91000,-1.831758,-4.27
4,1.91500,-1.784745,-3.67
5,1.92000,-1.671765,-2.71
6,1.92500,-1.490652,-1.68
7,1.93000,-1.229383,-0.73
8,1.93500,-0.927720,-0.13
9,1.94000,-0.632035,0.25
10,1.94500,-0.373140,0.16
11,1.95000,-0.170738,0.03
12,1.95500,-0.074916,0.03
13,1.96000,-0.082255,0.04
14,1.96500,-0.190051,0.03
15,1.97000,-0.376452,0.05
16,1.97500,-0.613240,-0.07
17,1.98000,-0.880067,-0.59
18,1.98500,-1.142797,-1.32
19,1.99000,-1.388383,-2.20
20,1.99500,-1.590270,-3.14
1,2.00000,-1.734922,-3.93
2,2.00500,-1.817045,-4.37
3,2.01000,-1.831901,-4.28
4,2.01500,-1.784814,-3.67
5,2.02000,-1.671786,-2.71
6,2.02500,-1.490248,-1.66
7,2.03000,-1.229235,-0.73
8,2.03500,-0.927934,-0.11
9,2.04000,-0.632047,0.25
10,2.04500,-0.372787,0.15
11,2.05000,-0.170520,0.03
12,2.05500,-0.075209,0.04
13,2.06000,-0.082587,0.03
14,2.06500,-0.189938,0.03
15,2.07000,-0.376395,0.03
16,2.07500,-0.613147,-0.06
17,2.08000,-0.880207,-0.58
18,2.08500,-1.143250,-1.33
19,2.09000,-1.388380,-2.20
20,2.09500,-1.590171,-3.14
1,2.10000,-1.734832,-3.93
2,2.10500,-1.817081,-4.38
3,2.11000,-1.831878,-4.28
4,2.11500,-1.784796,-3.67
5,2.12000,-1.671779,-2.70
6,2.12500,-1.490614,-1.67
7,2.13000,-1.229544,-0.73
8,2.13500,-0.927464,-0.11
9,2.14000,-0.631633,0.24
10,2.14500,-0.372826,0.16
11,2.15000,-0.170363,0.03
12,2.15500,-0.075251,0.03
13,2.16000,-0.082489,0.04
14,2.16500,-0.190090,0.03
15,2.17000,-0.376589,0.03
16,2.17500,-0.613020,-0.05
17,2.18000,-0.880305,-0.58
18,2.18500,-1.143125,-1.31
19,2.19000,-1.388619,-2.19
20,2.19500,-1.590479,-3.14
1,2.20000,-1.734625,-3.92
2,2.20500,-1.817078,-4.37
3,2.21000,-1.831979,-4.28
4,2.21500,-1.784575,-3.67
5,2.22000,-1.671792,-2.70
6,2.22500,-1.490413,-1.66
7,2.23000,-1.229549,-0.73
8,2.23500,-0.927525,-0.12
9,2.24000,-0.631666,0.25
10,2.24500,-0.372790,0.15
11,2.25000,-0.170304,0.04
12,2.25500,-0.075167,0.03
13,2.26000,-0.082340,0.03
14,2.26500,-0.190129,0.04
15,2.27000,-0.376547,0.03
16,2.27500,-0.612967,-0.06
17,2.28000,-0.880345,-0.58
18,2.28500,-1.143630,-1.30
19,2.29000,-1.388390,-2.18
20,2.29500,-1.590183,-3.14
1,2.30000,-1.734968,-3.91
2,2.30500,-1.817319,-4.35
3,2.31000,-1.831898,-4.28
4,2.31500,-1.784581,-3.66
5,2.32000,-1.671810,-2.70
6,2.32500,-1.490230,-1.66
7,2.33000,-1.229539,-0.73
8,2.33500,-0.927528,-0.11
9,2.34000,-0.631458,0.25
10,2.34500,-0.372538,0.15
11,2.35000,-0.170164,0.03
12,2.35500,-0.075108,0.03
13,2.36000,-0.082760,0.03
14,2.36500,-0.189812,0.05
15,2.37000,-0.376457,0.04
16,2.37500,-0.613148,-0.06
17,2.38000,-0.880482,-0.57
18,2.38500,-1.143690,-1.30
19,2.39000,-1.388702,-2.20
20,2.39500,-1.590580,-3.13
1,2.40000,-1.734984,-3.91
2,2.40500,-1.816917,-4.35
3,2.41000,-1.831867,-4.27
4,2.41500,-1.784608,-3.66
5,2.42000,-1.671665,-2.70
6,2.42500,-1.490292,-1.66
7,2.43000,-1.229367,-0.73
8,2.43500,-0.927408,-0.11
9,2.44000,-0.631483,0.25
10,2.44500,-0.372622,0.14
11,2.45000,-0.170110,0.03
12,2.45500,-0.075067,0.03
13,2.46000,-0.082662,0.04
14,2.46500,-0.189761,0.05
15,2.47000,-0.376626,0.03
16,2.47500,-0.613274,-0.06
17,2.48000,-0.880589,-0.58
18,2.48500,-1.143749,-1.30
19,2.49000,-1.388706,-2.18
20,2.49500,-1.590539,-3.12
1,2.50000,-1.734916,-3.91
2,2.50500,-1.817182,-4.35
3,2.51000,-1.831947,-4.26
4,2.51500,-1.784500,-3.65
5,2.52000,-1.671795,-2.68
6,2.52500,-1.490435,-1.65
7,2.53000,-1.229235,-0.73
8,2.53500,-0.927396,-0.10
9,2.54000,-0.631475,0.25
10,2.54500,-0.372576,0.16
11,2.55000,-0.169765,0.05
12,2.55500,-0.075037,0.03
13,2.56000,-0.082920,0.04
14,2.56500,-0.189834,0.04
15,2.57000,-0.376446,0.04
16,2.57500,-0.613150,-0.07
17,2.58000,-0.880720,-0.56
18,2.58500,-1.143840,-1.31
19,2.59000,-1.388486,-2.19
20,2.59500,-1.590596,-3.13
1,2.60000,-1.735150,-3.91
2,2.60500,-1.817270,-4.35
3,2.61000,-1.831980,-4.25
4,2.61500,-1.784576,-3.65
5,2.62000,-1.671713,-2.68
6,2.62500,-1.490494,-1.65
7,2.63000,-1.229502,-0.73
8,2.63500,-0.927156,-0.11
9,2.64000,-0.631064,0.25
10,2.64500,-0.372338,0.16
11,2.65000,-0.169829,0.04
12,2.65500,-0.075079,0.03
13,2.66000,-0.082850,0.04
14,2.66500,-0.189744,0.03
15,2.67000,-0.376471,0.03
16,2.67500,-0.613101,-0.07
17,2.68000,-0.880701,-0.56
18,2.68500,-1.143835,-1.30
19,2.69000,-1.388803,-2.18
20,2.69500,-1.590613,-3.10
1,2.70000,-1.735038,-3.91
2,2.70500,-1.817396,-4.35
3,2.71000,-1.832016,-4.26
4,2.71500,-1.784552,-3.64
5,2.72000,-1.671866,-2.68
6,2.72500,-1.489922,-1.65
7,2.73000,-1.228998,-0.73
8,2.73500,-0.927455,-0.12
9,2.74000,-0.631399,0.25
10,2.74500,-0.372375,0.15
11,2.75000,-0.169615,0.04
12,2.75500,-0.075182,0.03
13,2.76000,-0.083003,0.03
14,2.76500,-0.189779,0.04
15,2.77000,-0.376485,0.04
16,2.77500,-0.613041,-0.05
17,2.78000,-0.880829,-0.57
18,2.78500,-1.143920,-1.30
19,2.79000,-1.388490,-2.18
20,2.79500,-1.590886,-3.13
1,2.80000,-1.735266,-3.91
2,2.80500,-1.817185,-4.33
3,2.81000,-1.832029,-4.24
4,2.81500,-1.784571,-3.65
5,2.82000,-1.671813,-2.68
6,2.82500,-1.490369,-1.65
7,2.83000,-1.229285,-0.71
8,2.83500,-0.927160,-0.11
9,2.84000,-0.631074,0.25
10,2.84500,-0.372360,0.15
11,2.85000,-0.169676,0.03
12,2.85500,-0.074927,0.03
13,2.86000,-0.082632,0.03
14,2.86500,-0.190157,0.04
15,2.87000,-0.376588,0.04
16,2.87500,-0.612955,-0.05
17,2.88000,-0.880796,-0.57
18,2.88500,-1.143997,-1.28
19,2.89000,-1.388589,-2.18
20,2.89500,-1.590749,-3.12
1,2.90000,-1.735254,-3.90
2,2.90500,-1.817260,-4.34
3,2.91000,-1.832128,-4.24
4,2.91500,-1.784629,-3.65
5,2.92000,-1.671735,-2.69
6,2.92500,-1.490409,-1.64
7,2.93000,-1.229119,-0.72
8,2.93500,-0.927089,-0.10
9,2.94000,-0.631178,0.25
10,2.94500,-0.372277,0.14
11,2.95000,-0.169358,0.04
12,2.95500,-0.075033,0.02
13,2.96000,-0.083024,0.03
14,2.96500,-0.189695,0.04
15,2.97000,-0.376477,0.04
16,2.97500,-0.613157,-0.06
17,2.98000,-0.881008,-0.57
18,2.98500,-1.144356,-1.30
19,2.99000,-1.388556,-2.16
20,2.99500,-1.590631,-3.12
1,3.00000,-1.735262,-3.89
2,3.00500,-1.817397,-4.32
3,3.01000,-1.832010,-4.24
4,3.01500,-1.784497,-3.65
5,3.02000,-1.671847,-2.67
6,3.02500,-1.489690,-1.64
7,3.03000,-1.228935,-0.71
8,3.03500,-0.927568,-0.10
9,3.04000,-0.631365,0.26
10,3.04500,-0.372175,0.14
11,3.05000,-0.169136,0.04
12,3.05500,-0.075018,0.03
13,3.06000,-0.083092,0.03
14,3.06500,-0.189771,0.03
15,3.07000,-0.376513,0.05
16,3.07500,-0.613028,-0.06
17,3.08000,-0.881032,-0.57
18,3.08500,-1.144337,-1.29
19,3.09000,-1.388591,-2.16
20,3.09500,-1.590979,-3.10
1,3.10000,-1.735152,-3.90
2,3.10500,-1.817268,-4.33
3,3.11000,-1.832012,-4.24
4,3.11500,-1.784488,-3.63
5,3.12000,-1.671827,-2.67
6,3.12500,-1.490231,-1.65
7,3.13000,-1.228984,-0.71
8,3.13500,-0.927514,-0.10
9,3.14000,-0.631268,0.26
10,3.14500,-0.372047,0.14
11,3.15000,-0.168928,0.04
12,3.15500,-0.074965,0.04
13,3.16000,-0.082998,0.03
14,3.16500,-0.189917,0.04
15,3.17000,-0.376512,0.03
16,3.17500,-0.612954,-0.05
17,3.18000,-0.881103,-0.56
18,3.18500,-1.144475,-1.28
19,3.19000,-1.388791,-2.18
20,3.19500,-1.591138,-3.10
1,3.20000,-1.735181,-3.89
2,3.20500,-1.817066,-4.32
3,3.21000,-1.832138,-4.24
4,3.21500,-1.784446,-3.64
5,3.22000,-1.671872,-2.66
6,3.22500,-1.489822,-1.64
7,3.23000,-1.229207,-0.71
8,3.23500,-0.927347,-0.11
9,3.24000,-0.630925,0.25
10,3.24500,-0.371874,0.14
11,3.25000,-0.168986,0.04
12,3.25500,-0.075062,0.04
13,3.26000,-0.083205,0.03
14,3.26500,-0.189646,0.03
15,3.27000,-0.376489,0.05
16,3.27500,-0.612937,-0.05
17,3.28000,-0.881136,-0.56
18,3.28500,-1.144621,-1.28
19,3.29000,-1.388905,-2.16
20,3.29500,-1.591216,-3.10
1,3.30000,-1.735542,-3.89
2,3.30500,-1.817192,-4.32
3,3.31000,-1.832065,-4.24
4,3.31500,-1.784408,-3.64
5,3.32000,-1.671789,-2.67
6,3.32500,-1.490205,-1.62
7,3.33000,-1.228689,-0.72
8,3.33500,-0.927049,-0.10
9,3.34000,-0.630977,0.25
10,3.34500,-0.372062,0.15
11,3.35000,-0.168865,0.05
12,3.35500,-0.074933,0.02
13,3.36000,-0.083070,0.03
14,3.36500,-0.189853,0.03
15,3.37000,-0.376621,0.04
16,3.37500,-0.612984,-0.05
17,3.38000,-0.881196,-0.56
18,3.38500,-1.144844,-1.28
19,3.39000,-1.389110,-2.16
20,3.39500,-1.590916,-3.08
1,3.40000,-1.735148,-3.89
2,3.40500,-1.817358,-4.31
3,3.41000,-1.832356,-4.24
4,3.41500,-1.784384,-3.61
5,3.42000,-1.671622,-2.67
6,3.42500,-1.490415,-1.63
7,3.43000,-1.228775,-0.72
8,3.43500,-0.926914,-0.10
9,3.44000,-0.630866,0.25
10,3.44500,-0.371910,0.14
11,3.45000,-0.168854,0.03
12,3.45500,-0.074902,0.04
13,3.46000,-0.083093,0.04
14,3.46500,-0.189738,0.03
15,3.47000,-0.376657,0.04
16,3.47500,-0.613038,-0.05
17,3.48000,-0.881362,-0.56
18,3.48500,-1.144734,-1.28
19,3.49000,-1.388790,-2.16
20,3.49500,-1.590957,-3.10
1,3.50000,-1.735610,-3.89
2,3.50500,-1.817472,-4.31
3,3.51000,-1.832202,-4.22
4,3.51500,-1.784408,-3.61
5,3.52000,-1.671863,-2.65
6,3.52500,-1.490034,-1.64
7,3.53000,-1.228947,-0.72
8,3.53500,-0.927142,-0.10
9,3.54000,-0.630758,0.25
10,3.54500,-0.371602,0.13
11,3.55000,-0.168655,0.04
12,3.55500,-0.074857,0.03
13,3.56000,-0.083319,0.03
14,3.56500,-0.189675,0.03
15,3.57000,-0.376452,0.05
16,3.57500,-0.613011,-0.05
17,3.58000,-0.881360,-0.55
18,3.58500,-1.145096,-1.28
19,3.59000,-1.389072,-2.16
20,3.59500,-1.591081,-3.08
1,3.60000,-1.735642,-3.87
2,3.60500,-1.817263,-4.31
3,3.61000,-1.832040,-4.22
4,3.61500,-1.784473,-3.63
5,3.62000,-1.671651,-2.65
6,3.62500,-1.489931,-1.61
7,3.63000,-1.228800,-0.71
8,3.63500,-0.926994,-0.10
9,3.64000,-0.630787,0.25
10,3.64500,-0.371694,0.13
11,3.65000,-0.168597,0.04
12,3.65500,-0.074892,0.03
13,3.66000,-0.083366,0.03
14,3.66500,-0.189810,0.03
15,3.67000,-0.376422,0.04
16,3.67500,-0.612842,-0.04
17,3.68000,-0.881420,-0.56
18,3.68500,-1.144984,-1.29
19,3.69000,-1.388891,-2.14
20,3.69500,-1.591058,-3.08
1,3.70000,-1.735528,-3.87
2,3.70500,-1.817465,-4.31
3,3.71000,-1.832328,-4.22
4,3.71500,-1.784470,-3.60
5,3.72000,-1.671745,-2.66
6,3.72500,-1.490353,-1.61
7,3.73000,-1.228651,-0.71
8,3.73500,-0.926802,-0.10
9,3.74000,-0.630824,0.26
10,3.74500,-0.371767,0.13
11,3.75000,-0.168408,0.03
12,3.75500,-0.074781,0.04
13,3.76000,-0.083232,0.05
14,3.76500,-0.189921,0.04
15,3.77000,-0.376512,0.04
16,3.77500,-0.612838,-0.05
17,3.78000,-0.881411,-0.54
18,3.78500,-1.145347,-1.27
19,3.79000,-1.389303,-2.16
20,3.79500,-1.590875,-3.07
1,3.80000,-1.735408,-3.87
2,3.80500,-1.817432,-4.30
3,3.81000,-1.832267,-4.22
4,3.81500,-1.784521,-3.60
5,3.82000,-1.671714,-2.64
6,3.82500,-1.490005,-1.62
7,3.83000,-1.228841,-0.70
8,3.83500,-0.926931,-0.09
9,3.84000,-0.630680,0.25
10,3.84500,-0.371530,0.14
11,3.85000,-0.168216,0.04
12,3.85500,-0.074768,0.04
13,3.86000,-0.083317,0.05
14,3.86500,-0.189894,0.03
15,3.87000,-0.376677,0.03
16,3.87500,-0.612866,-0.05
17,3.88000,-0.881548,-0.51
18,3.88500,-1.145330,-1.27
19,3.89000,-1.388950,-2.14
20,3.89500,-1.591128,-3.06
1,3.90000,-1.735594,-3.87
2,3.90500,-1.817599,-4.30
3,3.91000,-1.832262,-4.20
4,3.91500,-1.784402,-3.60
5,3.92000,-1.671756,-2.64
6,3.92500,-1.490280,-1.61
7,3.93000,-1.228500,-0.71
8,3.93500,-0.926660,-0.08
9,3.94000,-0.630672,0.26
10,3.94500,-0.371583,0.14
11,3.95000,-0.168297,0.04
12,3.95500,-0.074786,0.04
13,3.96000,-0.083260,0.04
14,3.96500,-0.189842,0.03
15,3.97000,-0.376461,0.03
16,3.97500,-0.612837,-0.04
17,3.98000,-0.881655,-0.55
18,3.98500,-1.145273,-1.26
19,3.99000,-1.389107,-2.14
20,3.99500,-1.591186,-3.06
1,4.00000,-1.735736,-3.87
2,4.00500,-1.817730,-4.31
3,4.01000,-1.832247,-4.20
4,4.01500,-1.784366,-3.60
5,4.02000,-1.671697,-2.65
6,4.02500,-1.489474,-1.61
7,4.03000,-1.228540,-0.69
8,4.03500,-0.927168,-0.09
9,4.04000,-0.630764,0.26
10,4.04500,-0.371386,0.13
11,4.05000,-0.168205,0.03
12,4.05500,-0.074750,0.03
13,4.06000,-0.083648,0.05
14,4.06500,-0.189611,0.03
15,4.07000,-0.376415,0.03
16,4.07500,-0.612895,-0.04
17,4.08000,-0.881764,-0.53
18,4.08500,-1.145422,-1.27
19,4.09000,-1.389047,-2.14
20,4.09500,-1.591551,-3.08
1,4.10000,-1.735673,-3.86
2,4.10500,-1.817364,-4.30
3,4.11000,-1.832280,-4.20
4,4.11500,-1.784395,-3.59
5,4.12000,-1.671626,-2.65
6,4.12500,-1.489499,-1.61
7,4.13000,-1.228651,-0.71
8,4.13500,-0.927230,-0.09
9,4.14000,-0.630704,0.26
10,4.14500,-0.371225,0.12
11,4.15000,-0.167925,0.03
12,4.15500,-0.074874,0.05
13,4.16000,-0.083788,0.03
14,4.16500,-0.189648,0.04
15,4.17000,-0.376297,0.03
16,4.17500,-0.612889,-0.03
17,4.18000,-0.881831,-0.53
18,4.18500,-1.145459,-1.24
19,4.19000,-1.389122,-2.13
20,4.19500,-1.591609,-3.07
1,4.20000,-1.735743,-3.87
2,4.20500,-1.817282,-4.28
3,4.21000,-1.832343,-4.20
4,4.21500,-1.784491,-3.60
5,4.22000,-1.671701,-2.63
6,4.22500,-1.489547,-1.61
7,4.23000,-1.228639,-0.69
8,4.23500,-0.926923,-0.09
9,4.24000,-0.630599,0.26
10,4.24500,-0.371256,0.12
11,4.25000,-0.167893,0.03
12,4.25500,-0.074654,0.04
13,4.26000,-0.083643,0.03
14,4.26500,-0.189837,0.04
15,4.27000,-0.376432,0.04
16,4.27500,-0.612902,-0.04
17,4.28000,-0.881868,-0.53
18,4.28500,-1.145837,-1.24
19,4.29000,-1.389090,-2.12
20,4.29500,-1.591363,-3.05
1,4.30000,-1.735769,-3.86
2,4.30500,-1.817434,-4.28
3,4.31000,-1.832363,-4.20
4,4.31500,-1.784327,-3.58
5,4.32000,-1.671736,-2.64
6,4.32500,-1.489652,-1.60
7,4.33000,-1.228370,-0.69
8,4.33500,-0.926897,-0.09
9,4.34000,-0.630664,0.26
10,4.34500,-0.371233,0.12
11,4.35000,-0.167906,0.04
12,4.35500,-0.074883,0.04
13,4.36000,-0.083669,0.04
14,4.36500,-0.189500,0.03
15,4.37000,-0.376413,0.03
16,4.37500,-0.612932,-0.05
17,4.38000,-0.881965,-0.54
18,4.38500,-1.145990,-1.25
19,4.39000,-1.389409,-2.13
20,4.39500,-1.591260,-3.05
1,4.40000,-1.735614,-3.85
2,4.40500,-1.817539,-4.28
3,4.41000,-1.832182,-4.20
4,4.41500,-1.784409,-3.58
5,4.42000,-1.671634,-2.64
6,4.42500,-1.489786,-1.59
7,4.43000,-1.228636,-0.69
8,4.43500,-0.926888,-0.09
9,4.44000,-0.630427,0.27
10,4.44500,-0.371112,0.12
11,4.45000,-0.167670,0.03
12,4.45500,-0.074781,0.04
13,4.46000,-0.083629,0.05
14,4.46500,-0.189693,0.04
15,4.47000,-0.376596,0.04
16,4.47500,-0.612946,-0.05
17,4.48000,-0.881986,-0.51
18,4.48500,-1.145889,-1.26
19,4.49000,-1.389334,-2.12
20,4.49500,-1.591394,-3.04
1,4.50000,-1.735847,-3.85
2,4.50500,-1.817443,-4.28
3,4.51000,-1.832312,-4.20
4,4.51500,-1.784390,-3.58
5,4.52000,-1.671730,-2.63
6,4.52500,-1.489713,-1.59
7,4.53000,-1.228697,-0.70
8,4.53500,-0.926740,-0.08
9,4.54000,-0.630285,0.26
10,4.54500,-0.371169,0.12
11,4.55000,-0.167659,0.04
12,4.55500,-0.074572,0.03
13,4.56000,-0.083749,0.05
14,4.56500,-0.189665,0.04
15,4.57000,-0.376463,0.03
16,4.57500,-0.612858,-0.04
17,4.58000,-0.881978,-0.51
18,4.58500,-1.145832,-1.24
19,4.59000,-1.389260,-2.12
20,4.59500,-1.591505,-3.05
1,4.60000,-1.735801,-3.84
2,4.60500,-1.817737,-4.27
3,4.61000,-1.832495,-4.18
4,4.61500,-1.784304,-3.58
5,4.62000,-1.671701,-2.62
6,4.62500,-1.489661,-1.59
7,4.63000,-1.228451,-0.68
8,4.63500,-0.926833,-0.08
9,4.64000,-0.630366,0.26
10,4.64500,-0.371050,0.12
11,4.65000,-0.167530,0.03
12,4.65500,-0.074604,0.04
13,4.66000,-0.083834,0.05
14,4.66500,-0.189671,0.05
15,4.67000,-0.376290,0.05
16,4.67500,-0.612835,-0.03
17,4.68000,-0.882070,-0.51
18,4.68500,-1.146043,-1.23
19,4.69000,-1.389321,-2.12
20,4.69500,-1.591499,-3.04
1,4.70000,-1.735944,-3.84
2,4.70500,-1.817731,-4.28
3,4.71000,-1.832414,-4.18
4,4.71500,-1.784317,-3.57
5,4.72000,-1.671696,-2.63
6,4.72500,-1.489869,-1.60
7,4.73000,-1.228542,-0.69
8,4.73500,-0.926504,-0.08
9,4.74000,-0.630200,0.27
10,4.74500,-0.370949,0.13
11,4.75000,-0.167508,0.03
12,4.75500,-0.074492,0.03
13,4.76000,-0.083720,0.05
14,4.76500,-0.189747,0.05
15,4.77000,-0.376506,0.03
16,4.77500,-0.612889,-0.03
17,4.78000,-0.882106,-0.51
18,4.78500,-1.146042,-1.24
19,4.79000,-1.389429,-2.11
20,4.79500,-1.591512,-3.04
1,4.80000,-1.735934,-3.82
2,4.80500,-1.817868,-4.27
3,4.81000,-1.832376,-4.19
4,4.81500,-1.784237,-3.57
5,4.82000,-1.671722,-2.62
6,4.82500,-1.490080,-1.59
7,4.83000,-1.228442,-0.69
8,4.83500,-0.926310,-0.09
9,4.84000,-0.630134,0.26
10,4.84500,-0.371027,0.13
11,4.85000,-0.167432,0.04
12,4.85500,-0.074694,0.03
13,4.86000,-0.083616,0.03
14,4.86500,-0.189459,0.04
15,4.87000,-0.376517,0.04
16,4.87500,-0.612980,-0.04
17,4.88000,-0.882319,-0.50
18,4.88500,-1.146098,-1.24
19,4.89000,-1.389326,-2.11
20,4.89500,-1.591535,-3.05
1,4.90000,-1.735863,-3.85
2,4.90500,-1.817734,-4.27
3,4.91000,-1.832496,-4.19
4,4.91500,-1.784263,-3.57
5,4.92000,-1.671672,-2.61
6,4.92500,-1.489834,-1.59
7,4.93000,-1.228365,-0.69
8,4.93500,-0.926549,-0.09
9,4.94000,-0.630147,0.25
10,4.94500,-0.370989,0.12
11,4.95000,-0.167470,0.03
12,4.95500,-0.074607,0.04
13,4.96000,-0.083901,0.04
14,4.96500,-0.189475,0.03
15,4.97000,-0.376406,0.05
16,4.97500,-0.612875,-0.02
17,4.98000,-0.882296,-0.53
18,4.98500,-1.146500,-1.24
19,4.99000,-1.389569,-2.11
20,4.99500,-1.591573,-3.04
1,5.00000,-1.735860,-3.82
2,5.00500,-1.817513,-4.25
3,5.01000,-1.832445,-4.17
4,5.01500,-1.784284,-3.57
5,5.02000,-1.671616,-2.62
6,5.02500,-1.489883,-1.59
7,5.03000,-1.228290,-0.69
8,5.03500,-0.926524,-0.08
9,5.04000,-0.630166,0.26
10,5.04500,-0.370844,0.13
11,5.05000,-0.167188,0.03
12,5.05500,-0.074543,0.03
13,5.06000,-0.083782,0.05
14,5.06500,-0.189647,0.04
15,5.07000,-0.376522,0.05
16,5.07500,-0.612892,-0.03
17,5.08000,-0.882266,-0.50
18,5.08500,-1.146294,-1.24
19,5.09000,-1.389465,-2.10
20,5.09500,-1.591959,-3.04
1,5.10000,-1.736022,-3.82
2,5.10500,-1.817666,-4.26
3,5.11000,-1.832417,-4.17
4,5.11500,-1.784268,-3.57
5,5.12000,-1.671612,-2.61
6,5.12500,-1.489749,-1.59
7,5.13000,-1.228177,-0.69
8,5.13500,-0.926494,-0.08
9,5.14000,-0.630200,0.27
10,5.14500,-0.370831,0.12
11,5.15000,-0.167043,0.04
12,5.15500,-0.074545,0.03
13,5.16000,-0.084105,0.05
14,5.16500,-0.189547,0.04
15,5.17000,-0.376286,0.05
16,5.17500,-0.612879,-0.03
17,5.18000,-0.882454,-0.51
18,5.18500,-1.146435,-1.23
19,5.19000,-1.389468,-2.11
20,5.19500,-1.591870,-3.04
1,5.20000,-1.736191,-3.84
2,5.20500,-1.817624,-4.25
3,5.21000,-1.832509,-4.17
4,5.21500,-1.784270,-3.57
5,5.22000,-1.671618,-2.61
6,5.22500,-1.489416,-1.59
7,5.23000,-1.228473,-0.68
8,5.23500,-0.926584,-0.08
9,5.24000,-0.629991,0.26
10,5.24500,-0.370643,0.12
11,5.25000,-0.167070,0.05
12,5.25500,-0.074553,0.03
13,5.26000,-0.084004,0.04
14,5.26500,-0.189546,0.04
15,5.27000,-0.376391,0.05
16,5.27500,-0.612825,-0.04
17,5.28000,-0.882457,-0.51
18,5.28500,-1.146715,-1.24
19,5.29000,-1.389543,-2.10
20,5.29500,-1.591789,-3.04
1,5.30000,-1.735986,-3.80
2,5.30500,-1.817515,-4.25
3,5.31000,-1.832552,-4.17
4,5.31500,-1.784244,-3.56
5,5.32000,-1.671567,-2.62
6,5.32500,-1.489461,-1.59
7,5.33000,-1.228438,-0.69
8,5.33500,-0.926597,-0.08
9,5.34000,-0.629951,0.27
10,5.34500,-0.370494,0.13
11,5.35000,-0.166938,0.05
12,5.35500,-0.074597,0.03
13,5.36000,-0.084047,0.03
14,5.36500,-0.189535,0.04
15,5.37000,-0.376501,0.04
16,5.37500,-0.612868,-0.02
17,5.38000,-0.882430,-0.51
18,5.38500,-1.146862,-1.24
19,5.39000,-1.389780,-2.09
20,5.39500,-1.591684,-3.04
1,5.40000,-1.735978,-3.81
2,5.40500,-1.817630,-4.25
3,5.41000,-1.832633,-4.17
4,5.41500,-1.784191,-3.56
5,5.42000,-1.671606,-2.61
6,5.42500,-1.489640,-1.59
7,5.43000,-1.228051,-0.67
8,5.43500,-0.926361,-0.07
9,5.44000,-0.630279,0.26
10,5.44500,-0.370966,0.13
11,5.45000,-0.166644,0.04
12,5.45500,-0.073823,0.03
13,5.46000,-0.083857,0.03
14,5.46500,-0.189662,0.03
15,5.47000,-0.376793,0.03
16,5.47500,-0.613068,-0.03
17,5.48000,-0.882430,-0.51
18,5.48500,-1.146585,-1.22
19,5.49000,-1.389447,-2.09
20,5.49500,-1.591901,-3.03
1,5.50000,-1.736339,-3.82
2,5.50500,-1.817599,-4.24
3,5.51000,-1.832455,-4.16
4,5.51500,-1.784247,-3.56
5,5.52000,-1.671708,-2.60
6,5.52500,-1.489923,-1.59
7,5.53000,-1.228282,-0.68
8,5.53500,-0.926239,-0.08
9,5.54000,-0.629466,0.27
10,5.54500,-0.370418,0.12
11,5.55000,-0.167018,0.04
12,5.55500,-0.074635,0.03
13,5.56000,-0.084148,0.04
14,5.56500,-0.189672,0.03
15,5.57000,-0.376411,0.04
16,5.57500,-0.612722,-0.01
17,5.58000,-0.882570,-0.51
18,5.58500,-1.146928,-1.22
19,5.59000,-1.389612,-2.09
20,5.59500,-1.591793,-3.01
1,5.60000,-1.736150,-3.81
2,5.60500,-1.817684,-4.24
3,5.61000,-1.832708,-4.16
4,5.61500,-1.784269,-3.56
5,5.62000,-1.671553,-2.60
6,5.62500,-1.489486,-1.58
7,5.63000,-1.227973,-0.68
8,5.63500,-0.926469,-0.08
9,5.64000,-0.630041,0.27
10,5.64500,-0.370466,0.12
11,5.65000,-0.166815,0.05
12,5.65500,-0.074538,0.03
13,5.66000,-0.084259,0.04
14,5.66500,-0.189409,0.03
15,5.67000,-0.376260,0.04
16,5.67500,-0.612934,-0.03
17,5.68000,-0.882710,-0.49
18,5.68500,-1.146819,-1.23
19,5.69000,-1.389509,-2.08
20,5.69500,-1.591943,-3.02
1,5.70000,-1.736208,-3.80
2,5.70500,-1.817658,-4.24
3,5.71000,-1.832458,-4.16
4,5.71500,-1.784228,-3.55
5,5.72000,-1.671629,-2.60
6,5.72500,-1.489895,-1.58
7,5.73000,-1.228295,-0.68
8,5.73500,-0.926242,-0.08
9,5.74000,-0.629597,0.26
10,5.74500,-0.370303,0.12
11,5.75000,-0.166711,0.05
12,5.75500,-0.074571,0.04
13,5.76000,-0.084490,0.03
14,5.76500,-0.189417,0.05
15,5.77000,-0.376300,0.04
16,5.77500,-0.612854,-0.02
17,5.78000,-0.882647,-0.50
18,5.78500,-1.146944,-1.23
19,5.79000,-1.389978,-2.08
20,5.79500,-1.592023,-3.04
1,5.80000,-1.736159,-3.81
2,5.80500,-1.817681,-4.22
3,5.81000,-1.832575,-4.15
4,5.81500,-1.784214,-3.54
5,5.82000,-1.671602,-2.60
6,5.82500,-1.489099,-1.57
7,5.83000,-1.227762,-0.68
8,5.83500,-0.926626,-0.08
9,5.84000,-0.629996,0.27
10,5.84500,-0.370465,0.11
11,5.85000,-0.166616,0.05
12,5.85500,-0.074313,0.04
13,5.86000,-0.084332,0.04
14,5.86500,-0.189550,0.03
15,5.87000,-0.376432,0.05
16,5.87500,-0.612893,-0.03
17,5.88000,-0.882701,-0.49
18,5.88500,-1.147047,-1.22
19,5.89000,-1.389665,-2.07
20,5.89500,-1.592051,-3.02
1,5.90000,-1.736442,-3.80
2,5.90500,-1.817718,-4.24
3,5.91000,-1.832651,-4.16
4,5.91500,-1.784215,-3.54
5,5.92000,-1.671501,-2.60
6,5.92500,-1.489351,-1.57
7,5.93000,-1.227978,-0.67
8,5.93500,-0.926331,-0.07
9,5.94000,-0.629709,0.27
10,5.94500,-0.370309,0.12
11,5.95000,-0.166489,0.05
12,5.95500,-0.074338,0.04
13,5.96000,-0.084525,0.03
14,5.96500,-0.189732,0.03
15,5.97000,-0.376452,0.04
16,5.97500,-0.612690,-0.02
17,5.98000,-0.882582,-0.50
18,5.98500,-1.147109,-1.22
19,5.99000,-1.390032,-2.07
20,5.99500,-1.592344,-3.01
1,6.00000,-1.736060,-3.80
2,6.00500,-1.817672,-4.23
3,6.01000,-1.832732,-4.13
4,6.01500,-1.784062,-3.54
5,6.02000,-1.671465,-2.58
6,6.02500,-1.490107,-1.58
7,6.03000,-1.227832,-0.66
8,6.03500,-0.925977,-0.06
9,6.04000,-0.629729,0.27
10,6.04500,-0.370349,0.12
11,6.05000,-0.166549,0.05
12,6.05500,-0.074193,0.04
13,6.06000,-0.084016,0.05
14,6.06500,-0.189610,0.03
15,6.07000,-0.376485,0.04
16,6.07500,-0.612925,-0.02
17,6.08000,-0.882735,-0.49
18,6.08500,-1.147311,-1.22
19,6.09000,-1.389952,-2.07
20,6.09500,-1.592292,-3.02
1,6.10000,-1.736163,-3.80
2,6.10500,-1.817474,-4.22
3,6.11000,-1.832642,-4.13
4,6.11500,-1.784259,-3.54
5,6.12000,-1.671579,-2.59
6,6.12500,-1.489480,-1.57
7,6.13000,-1.227837,-0.67
8,6.13500,-0.926273,-0.07
9,6.14000,-0.629757,0.27
10,6.14500,-0.370318,0.12
11,6.15000,-0.166474,0.05
12,6.15500,-0.074171,0.05
13,6.16000,-0.084063,0.04
14,6.16500,-0.189580,0.04
15,6.17000,-0.376571,0.05
16,6.17500,-0.613001,-0.03
17,6.18000,-0.882839,-0.50
18,6.18500,-1.147382,-1.21
19,6.19000,-1.390074,-2.07
20,6.19500,-1.591928,-3.00
1,6.20000,-1.736110,-3.79
2,6.20500,-1.817670,-4.22
3,6.21000,-1.832709,-4.14
4,6.21500,-1.784162,-3.54
5,6.22000,-1.671543,-2.59
6,6.22500,-1.489561,-1.56
7,6.23000,-1.228103,-0.67
8,6.23500,-0.926228,-0.07
9,6.24000,-0.629538,0.27
10,6.24500,-0.370050,0.12
11,6.25000,-0.166229,0.03
12,6.25500,-0.074429,0.03
13,6.26000,-0.084563,0.05
14,6.26500,-0.189482,0.03
15,6.27000,-0.376331,0.03
16,6.27500,-0.612695,-0.01
17,6.28000,-0.882779,-0.49
18,6.28500,-1.147334,-1.22
19,6.29000,-1.389985,-2.07
20,6.29500,-1.592434,-3.01
1,6.30000,-1.736329,-3.79
2,6.30500,-1.817716,-4.22
3,6.31000,-1.832826,-4.14
4,6.31500,-1.784101,-3.54
5,6.32000,-1.671453,-2.58
6,6.32500,-1.489649,-1.57
7,6.33000,-1.227767,-0.66
8,6.33500,-0.926062,-0.07
9,6.34000,-0.629631,0.28
10,6.34500,-0.370193,0.10
11,6.35000,-0.166317,0.03
12,6.35500,-0.074273,0.03
13,6.36000,-0.084415,0.03
14,6.36500,-0.189485,0.04
15,6.37000,-0.376316,0.05
16,6.37500,-0.612951,-0.02
17,6.38000,-0.882969,-0.49
18,6.38500,-1.147478,-1.22
19,6.39000,-1.389892,-2.07
20,6.39500,-1.592323,-3.01
